time,chassis_x,chassis_y,chassis_yaw,head_joint1,head_joint2,leg_joint1,leg_joint2,leg_joint3,leg_joint4,leg_joint5,left_arm_joint1,left_arm_joint2,left_arm_joint3,left_arm_joint4,left_arm_joint5,left_arm_joint6,left_arm_joint7,right_arm_joint1,right_arm_joint2,right_arm_joint3,right_arm_joint4,right_arm_joint5,right_arm_joint6,right_arm_joint7
0.000000,0.000000,0.000000,0.000000,0.000000,-0.000024,0.299797,1.199957,0.849885,-0.165108,0.000000,0.464910,-1.600683,0.426903,-0.829098,1.081907,-0.168118,-0.262981,-2.000000,1.600080,0.600051,1.700010,0.000000,0.799993,0.000000
0.500000,-0.003091,-0.012708,0.005776,0.000000,-0.000024,0.001000,1.431721,1.365830,-0.534982,-0.160998,0.851048,-1.587681,0.233351,-1.331973,-0.144113,-0.022296,-1.188774,-2.000000,1.600080,0.600051,1.700010,0.000000,0.799993,0.000000
1.000000,0.002317,-0.004119,-0.004078,0.000000,-0.000024,0.288804,1.206676,0.846630,-0.217223,-0.012877,0.428658,-1.606860,0.438117,-0.785088,1.049666,-0.116068,-0.280020,-2.000000,1.600080,0.600051,1.700010,0.000000,0.799993,0.000000
1.500000,0.002407,-0.004134,-0.004128,0.000000,-0.000024,0.292309,1.199341,0.850312,-0.241246,-0.016428,0.404154,-1.606788,0.485903,-0.792881,1.006964,-0.060658,-0.279202,-2.000000,1.600080,0.600051,1.700010,0.000000,0.799993,0.000000
2.000000,0.002095,-0.004128,-0.004084,0.000000,-0.000024,0.297643,1.191368,0.853967,-0.250979,-0.012877,0.371248,-1.606855,0.559191,-0.805045,0.942978,-0.004410,-0.286338,-2.000000,1.600080,0.600051,1.700010,0.000000,0.799993,0.000000
